PuzzleId,FEN,Moves,Rating,RatingDeviation,Popularity,NbPlays,Themes,GameUrl,OpeningTags
keepFork1,"2r1k3/8/8/5N2/8/8/8/4K3 w - - 0 1",f5d6 e8f8,1000,80,90,500,"fork middlegame",,
keepFork2,"q3k3/8/8/1N6/8/8/8/4K3 w - - 0 1",b5c7 e8f8 c7a8,1750,80,90,500,"fork endgame",,
keepBackRank,"2r1k3/8/8/5N2/8/8/8/4K3 w - - 0 1",f5d6 e8f8 d6b7,900,80,90,500,"backRankMate mateIn2",,
keepSmothered,"q3k3/8/8/1N6/8/8/8/4K3 w - - 0 1",b5c7 e8f8 c7a8 f8g8,1200,80,90,500,"smotheredMate mateIn3",,
dropBadFen,"khong-phai-fen w - - 0 1",f5d6 e8f8,1100,80,90,500,"fork",,
dropBadMove,"2r1k3/8/8/5N2/8/8/8/4K3 w - - 0 1",a1a2 b2b3,1100,80,90,500,"fork",,
dropRating,"2r1k3/8/8/5N2/8/8/8/4K3 w - - 0 1",f5d6 e8f8,2400,80,90,500,"fork",,
dropUnpopular,"2r1k3/8/8/5N2/8/8/8/4K3 w - - 0 1",f5d6 e8f8,1000,80,5,500,"fork",,
dropOneMove,"2r1k3/8/8/5N2/8/8/8/4K3 w - - 0 1",f5d6,1000,80,90,500,"fork",,
